{
  "serial": "333322061510",
  "quality": {
    "width": 1920,
    "height": 1080,
    "fps": 30,
    "format": "RGB8"
  },
  "rgb_sensor": {
    "enable_auto_exposure": 0,
    "enable_auto_white_balance": 0,
    "exposure": 166,
    "gain": 10,
    "brightness": -5,
    "contrast": 60,
    "gamma": 50,
    "saturation": 50,
    "sharpness": 50
  },
  "intrinsics": {
    "fx": 1370.995361328120,
    "fy": 1366.372314453120,
    "cx": 943.620300292969,
    "cy": 548.584716796875,
    "distortion_model": "inverse_brown_conrady",
    "coeffs": [0.0, 0.0, 0.0, 0.0, 0.0]
  }
}
